cc,mc,county,municipality,crashes,cyclist,driver,passenger,pedestrian,trailing_365,trailing_365_driver,trailing_365_passenger,trailing_365_pedestrian,trailing_365_cyclist
,,Atlantic,,25,1,12,4,9,27,13,4,10,1
,,Bergen,,28,0,16,0,11,29,17,1,11,0
,,Burlington,,38,0,28,6,7,37,26,6,8,1
,,Camden,,29,2,12,3,13,30,13,3,14,1
,,Cape May,,5,0,5,1,0,6,5,2,0,0
,,Cumberland,,21,1,11,2,6,21,11,2,7,1
,,Essex,,37,0,11,4,26,40,12,3,27,0
,,Gloucester,,30,2,19,7,3,29,19,7,3,2
,,Hudson,,31,0,14,0,21,25,11,0,15,0
,,Hunterdon,,5,0,2,0,2,6,3,1,2,0
,,Mercer,,23,1,11,6,8,25,13,6,8,1
,,Middlesex,,45,2,28,6,10,46,29,5,11,2
,,Monmouth,,50,2,23,4,26,37,20,3,11,3
,,Morris,,19,0,11,0,9,19,11,1,6,1
,,Ocean,,43,2,31,5,7,45,32,6,9,2
,,Passaic,,19,0,12,3,6,19,12,3,6,0
,,Salem,,12,0,10,2,0,14,11,5,1,0
,,Somerset,,18,0,14,0,3,16,12,1,3,0
,,Sussex,,19,0,25,0,3,14,11,0,3,0
,,Union,,46,0,21,4,23,36,16,4,17,0
,,Warren,,7,0,5,0,2,7,5,0,2,0
1,1,Atlantic,Absecon City,0,0,0,0,0,1,0,0,1,0
1,2,Atlantic,Atlantic City,7,1,2,1,2,5,2,1,2,1
1,5,Atlantic,Buena Vista Twsp,2,0,0,2,0,2,0,2,0,0
1,7,Atlantic,Egg Harbor City,1,0,1,0,0,1,1,0,0,0
1,8,Atlantic,Egg Harbor Twsp,2,0,2,0,0,3,2,0,1,0
1,9,Atlantic,Estell Manor City,0,0,0,0,0,1,1,0,0,0
1,10,Atlantic,Folsom Boro,0,0,0,0,0,1,1,0,0,0
1,11,Atlantic,Galloway Twsp,1,0,0,0,0,2,1,0,1,0
1,12,Atlantic,Hamilton Twsp,8,0,4,0,4,8,4,1,3,0
1,13,Atlantic,Hammonton Town,1,0,1,0,0,1,1,0,0,0
1,14,Atlantic,Linwood City,0,0,0,0,0,1,0,0,1,0
1,19,Atlantic,Pleasantville City,1,0,0,0,1,1,0,0,1,0
1,21,Atlantic,Somers Point City,0,0,0,0,0,0,0,0,0,0
2,2,Bergen,Alpine Boro,1,0,1,0,0,1,1,0,0,0
2,7,Bergen,Closter Boro,0,0,0,0,0,0,0,0,0,0
2,11,Bergen,Elmwood Park Boro,0,0,0,0,0,1,1,0,0,0
2,12,Bergen,East Rutherford Bor,1,0,0,0,0,2,1,0,1,0
2,13,Bergen,Edgewater Boro,0,0,0,0,0,0,0,0,0,0
2,15,Bergen,Englewood City,0,0,0,0,0,0,0,0,0,0
2,16,Bergen,Englewood Cliffs Bo,0,0,0,0,0,0,0,0,0,0
2,17,Bergen,Fair Lawn Boro,0,0,0,0,0,1,1,0,0,0
2,19,Bergen,Fort Lee Boro,4,0,0,0,3,3,1,0,2,0
2,21,Bergen,Garfield City,2,0,0,0,1,1,0,0,1,0
2,23,Bergen,Hackensack City,3,0,0,0,3,3,1,0,2,0
2,25,Bergen,Hasbrouck Heights B,0,0,0,0,0,0,0,0,0,0
2,29,Bergen,Leonia Boro,0,0,0,0,0,0,0,0,0,0
2,30,Bergen,Little Ferry Boro,0,0,0,0,0,0,0,0,0,0
2,31,Bergen,Lodi Boro,0,0,0,0,0,1,1,0,0,0
2,32,Bergen,Lyndhurst Twsp,1,0,0,0,0,2,1,0,1,0
2,33,Bergen,Mahwah Twsp,0,0,0,0,0,0,0,0,0,0
2,38,Bergen,New Milford Boro,0,0,0,0,0,1,0,0,1,0
2,40,Bergen,Northvale Boro,1,0,0,0,1,1,0,0,1,0
2,42,Bergen,Oakland Boro,0,0,0,0,0,1,0,1,0,0
2,46,Bergen,Paramus Boro,0,0,0,0,0,0,0,0,0,0
2,48,Bergen,Ramsey Boro,0,0,0,0,0,1,1,0,0,0
2,49,Bergen,Ridgefield Boro,1,0,0,0,1,1,0,0,1,0
2,50,Bergen,Ridgefield Park Tws,3,0,3,0,0,2,2,0,0,0
2,56,Bergen,Rutherford Boro,5,0,4,0,0,4,3,0,1,0
2,57,Bergen,Saddle Brook Twsp,0,0,0,0,0,1,1,0,0,0
2,61,Bergen,Tenafly Boro,0,0,0,0,0,0,0,0,0,0
2,66,Bergen,Washington Twsp,1,0,1,0,0,1,1,0,0,0
2,68,Bergen,Woodcliff Lake Boro,0,0,0,0,0,0,0,0,0,0
2,70,Bergen,Wyckoff Twsp,1,0,1,0,0,1,1,0,0,0
3,2,Burlington,Beverly City,1,0,1,0,0,1,1,0,0,0
3,4,Burlington,Bordentown Twsp,0,0,0,0,0,0,0,0,0,0
3,6,Burlington,Burlington Twsp,0,0,0,0,0,1,0,0,1,0
3,7,Burlington,Chesterfield Twsp,0,0,0,0,0,0,0,0,0,0
3,8,Burlington,Cinnaminson Twsp,0,0,0,0,0,1,0,0,0,1
3,11,Burlington,Easthampton Twsp,0,0,0,0,0,0,0,0,0,0
3,13,Burlington,Evesham Twsp,1,0,1,0,0,1,1,0,0,0
3,15,Burlington,Florence Twsp,0,0,0,0,0,0,0,0,0,0
3,16,Burlington,Hainesport Twsp,1,0,1,0,0,1,1,0,0,0
3,17,Burlington,Lumberton Twsp,1,0,1,0,0,1,1,0,0,0
3,18,Burlington,Mansfield Twsp,0,0,0,0,0,0,0,0,0,0
3,19,Burlington,Maple Shade Twsp,1,0,0,1,0,1,0,1,0,0
3,21,Burlington,Medford Lakes Boro,0,0,0,0,0,1,1,0,0,0
3,22,Burlington,Moorestown Twsp,1,0,0,0,1,1,0,0,1,0
3,23,Burlington,Mount Holly Twsp,0,0,0,0,0,0,0,0,0,0
3,24,Burlington,Mount Laurel Twsp,9,0,6,1,2,9,6,2,2,0
3,26,Burlington,North Hanover Twsp,0,0,0,0,0,1,1,0,0,0
3,27,Burlington,Palmyra Boro,0,0,0,0,0,1,1,0,0,0
3,29,Burlington,Pemberton Twsp,0,0,0,0,0,0,0,0,0,0
3,32,Burlington,Shamong Twsp,0,0,0,0,0,1,1,1,0,0
3,33,Burlington,Southampton Twsp,2,0,2,0,0,2,2,0,0,0
3,34,Burlington,Springfield Twsp,1,0,1,0,0,1,1,0,0,0
3,35,Burlington,Tabernacle Twsp,1,0,1,0,0,2,2,0,0,0
3,36,Burlington,Washington Twsp,3,0,3,0,0,3,3,0,0,0
3,37,Burlington,Westampton Twsp,4,0,3,3,1,5,3,2,2,0
3,38,Burlington,Willingboro Twsp,2,0,1,0,1,3,1,0,2,0
4,4,Camden,Bellmawr Boro,0,0,0,0,0,1,1,0,0,0
4,6,Camden,Berlin Twsp,0,0,0,0,0,1,0,0,1,0
4,8,Camden,Camden City,5,0,4,0,2,6,4,0,2,0
4,9,Camden,Cherry Hill Twsp,2,0,1,0,1,3,1,0,2,0
4,12,Camden,Collingswood Boro,0,0,0,0,0,0,0,0,0,0
4,14,Camden,Gloucester City,7,0,3,1,1,4,3,1,1,0
4,15,Camden,Gloucester Twsp,2,0,3,0,0,2,2,0,0,0
4,16,Camden,Haddon Twsp,1,1,0,0,0,1,0,0,0,1
4,18,Camden,Haddon Heights Boro,0,0,0,0,0,0,0,0,0,0
4,21,Camden,Lawnside Boro,1,0,0,1,0,1,0,1,0,0
4,22,Camden,Lindenwold Boro,0,0,0,0,0,0,0,0,0,0
4,27,Camden,Pennsauken Twsp,3,0,1,0,2,3,1,0,2,0
4,28,Camden,Pine Hill Boro,0,0,0,0,0,0,0,0,0,0
4,30,Camden,Runnemede Boro,0,0,0,0,0,0,0,0,0,0
4,34,Camden,Voorhees Twsp,2,0,0,0,2,3,0,1,2,0
4,35,Camden,Waterford Twsp,1,0,0,0,1,1,0,0,1,0
4,36,Camden,Winslow Twsp,4,0,0,0,4,4,1,0,3,0
5,4,Cape May,Dennis Twsp,0,0,0,0,0,0,0,0,0,0
5,5,Cape May,Lower Twsp,2,0,2,0,0,1,1,0,0,0
5,6,Cape May,Middle Twsp,2,0,2,1,0,3,3,1,0,0
5,7,Cape May,North Wildwood City,0,0,0,0,0,1,1,0,0,0
5,11,Cape May,Upper Twsp,0,0,0,0,0,0,0,0,0,0
5,16,Cape May,Woodbine Boro,0,0,0,0,0,1,0,1,0,0
6,1,Cumberland,Bridgeton City,7,1,1,0,1,5,1,0,3,1
6,3,Cumberland,Deerfield Twsp,0,0,0,0,0,1,0,1,0,0
6,5,Cumberland,Fairfield Twsp,4,0,3,0,1,3,2,0,1,0
6,7,Cumberland,Hopewell Twsp,0,0,0,0,0,1,1,0,0,0
6,9,Cumberland,Maurice River Twsp,0,0,0,0,0,0,0,0,0,0
6,10,Cumberland,Millville City,1,0,0,0,1,3,1,0,2,0
6,13,Cumberland,Upper Deerfield Tws,0,0,0,0,0,0,0,0,0,0
6,14,Cumberland,Vineland City,9,0,10,1,1,8,6,1,1,0
7,1,Essex,Belleville Town,0,0,0,0,0,0,0,0,0,0
7,3,Essex,Caldwell Boro,1,0,0,0,1,1,0,0,1,0
7,5,Essex,East Orange City,4,0,1,0,2,4,1,0,3,0
7,9,Essex,Irvington Town,0,0,0,0,0,0,0,0,0,0
7,10,Essex,Livingston Twsp,0,0,0,0,0,0,0,0,0,0
7,11,Essex,Maplewood Twsp,0,0,0,0,0,0,0,0,0,0
7,12,Essex,Millburn Twsp,2,0,0,0,3,2,0,0,2,0
7,13,Essex,Montclair Town,0,0,0,0,0,0,0,0,0,0
7,14,Essex,Newark City,28,0,8,5,20,28,9,3,18,0
7,16,Essex,Nutley Town,1,0,0,0,1,1,0,0,1,0
7,17,Essex,Orange City,1,0,0,0,1,2,0,0,2,0
7,20,Essex,Verona Boro,0,0,0,0,0,1,1,0,0,0
7,22,Essex,West Orange Town,0,0,0,0,0,1,1,0,0,0
8,1,Gloucester,Clayton Boro,1,0,0,1,0,1,0,1,0,0
8,2,Gloucester,Deptford Twsp,4,1,3,1,0,4,3,1,0,1
8,4,Gloucester,Elk Twsp,4,0,4,0,0,3,3,0,0,0
8,5,Gloucester,Franklin Twsp,0,0,0,0,0,1,1,0,0,0
8,6,Gloucester,Glassboro Boro,0,0,0,0,0,0,0,0,0,0
8,7,Gloucester,Greenwich Twsp,1,0,0,0,1,1,0,0,1,0
8,8,Gloucester,Harrison Twsp,2,0,1,2,0,2,1,2,0,0
8,9,Gloucester,Logan Twsp,2,0,2,0,0,3,3,0,0,0
8,10,Gloucester,Mantua Twsp,1,0,1,0,0,1,1,0,0,0
8,11,Gloucester,Monroe Twsp,7,0,2,1,1,6,3,1,1,1
8,13,Gloucester,Newfield Boro,0,0,0,0,0,1,0,0,1,0
8,18,Gloucester,Washington Twsp,0,0,0,0,0,1,0,1,0,0
8,20,Gloucester,West Deptford Twsp,5,0,5,0,0,4,4,0,0,0
8,24,Gloucester,Woolwich Twsp,1,0,0,1,0,1,0,1,0,0
9,1,Hudson,Bayonne City,1,0,1,0,0,1,1,0,0,0
9,3,Hudson,Guttenberg Town,0,0,0,0,0,1,0,0,1,0
9,4,Hudson,Harrison Town,1,0,0,0,1,1,0,0,1,0
9,6,Hudson,Jersey City,3,0,0,0,3,4,1,0,3,0
9,7,Hudson,Kearny Town,2,0,1,0,1,2,1,0,1,0
9,8,Hudson,North Bergen Twsp,6,0,4,0,1,6,4,0,3,0
9,9,Hudson,Secaucus Town,3,0,1,0,1,2,1,0,1,0
9,10,Hudson,Union City,5,0,2,0,4,6,2,0,4,0
9,11,Hudson,Weehawken Twsp,0,0,0,0,0,1,1,0,0,0
9,12,Hudson,West New York Town,1,0,0,0,1,1,0,0,1,0
10,1,Hunterdon,Alexandria Twsp,0,0,0,0,0,0,0,0,0,0
10,2,Hunterdon,Bethlehem Twsp,0,0,0,0,0,0,0,0,0,0
10,6,Hunterdon,Clinton Twsp,0,0,0,0,0,0,0,0,0,0
10,7,Hunterdon,Delaware Twsp,0,0,0,0,0,0,0,0,0,0
10,8,Hunterdon,East Amwell Tws,0,0,0,0,0,0,0,0,0,0
10,16,Hunterdon,Kingwood Twsp,1,0,1,0,0,1,1,0,0,0
10,19,Hunterdon,Lebanon Twsp,1,0,1,0,0,1,1,0,0,0
10,21,Hunterdon,Raritan Twsp,3,0,1,0,1,3,1,1,1,0
10,22,Hunterdon,Readington Twsp,0,0,0,0,0,1,0,0,1,0
11,1,Mercer,East Windsor Twsp,3,0,1,2,0,4,2,3,1,0
11,2,Mercer,Ewing Twsp,7,0,5,0,1,5,4,1,1,0
11,3,Mercer,Hamilton Twsp,4,0,0,2,2,5,1,2,2,0
11,6,Mercer,Hopewell Twsp,0,0,0,0,0,0,0,0,0,0
11,7,Mercer,Lawrence Twsp,0,0,0,0,0,1,1,0,0,0
11,11,Mercer,Trenton,5,0,0,0,4,5,1,0,4,0
11,12,Mercer,Robbinsville Twsp,1,0,1,0,0,2,2,0,0,0
11,13,Mercer,West Windsor Twp,3,0,3,0,0,2,2,0,0,0
11,14,Mercer,Princeton,1,1,0,0,0,1,0,0,0,1
12,1,Middlesex,Carteret Boro,2,0,2,0,0,2,2,0,0,0
12,2,Middlesex,Cranbury Twsp,1,0,1,0,0,1,1,0,0,0
12,4,Middlesex,East Brunswick Twsp,0,0,0,0,0,0,0,0,0,0
12,5,Middlesex,Edison Twsp,6,0,3,0,2,8,4,1,3,0
12,8,Middlesex,Jamesburg Boro,2,0,1,0,0,2,1,0,0,1
12,9,Middlesex,Metuchen Boro,1,0,1,1,0,1,1,1,0,0
12,13,Middlesex,New Brunswick City,4,1,3,0,0,4,3,0,0,1
12,14,Middlesex,North Brunswick Tws,1,0,0,1,0,1,0,1,0,0
12,15,Middlesex,Old Bridge Twsp,3,0,0,0,1,2,1,0,1,0
12,16,Middlesex,Perth Amboy City,3,0,1,0,1,2,1,0,1,0
12,17,Middlesex,Piscataway Twsp,1,0,1,0,0,2,2,0,0,0
12,18,Middlesex,Plainsboro Twsp,0,0,0,0,0,1,1,0,0,0
12,19,Middlesex,Sayreville Boro,2,0,2,0,0,2,2,0,0,0
12,20,Middlesex,South Amboy City,0,0,0,0,0,0,0,0,0,0
12,21,Middlesex,South Brunswick Tws,8,0,4,1,4,7,3,1,3,0
12,22,Middlesex,South Plainfield Bo,1,0,1,0,0,1,1,0,0,0
12,23,Middlesex,South River Boro,0,0,0,0,0,1,0,0,1,0
12,25,Middlesex,Woodbridge Twsp,9,0,6,1,2,9,6,1,2,0
13,1,Monmouth,Aberdeen Twsp,1,0,0,0,1,1,0,0,1,0
13,5,Monmouth,Atlantic Highlands,0,0,0,0,0,1,0,0,0,1
13,10,Monmouth,Colts Neck Twsp,2,0,2,0,0,3,3,0,0,0
13,12,Monmouth,Eatontown Boro,2,0,0,0,2,2,0,0,2,0
13,17,Monmouth,Freehold Twsp,3,0,1,2,0,3,1,2,0,0
13,18,Monmouth,Hazlet Boro,1,0,1,0,0,1,1,0,0,0
13,20,Monmouth,Holmdel Twsp,0,0,0,0,0,1,1,0,0,0
13,21,Monmouth,Howell Twsp,0,0,0,0,0,1,1,0,0,0
13,23,Monmouth,Keansburg Boro,0,0,0,0,0,0,0,0,0,0
13,24,Monmouth,Keyport Boro,0,0,0,0,0,0,0,0,0,0
13,27,Monmouth,Long Branch City,2,0,0,0,2,2,0,0,2,0
13,28,Monmouth,Manalapan Twsp,2,0,1,0,1,2,1,0,1,0
13,30,Monmouth,Marlboro Twsp,3,0,2,0,0,3,2,0,1,0
13,31,Monmouth,Matawan Boro,1,0,0,0,1,1,0,0,1,0
13,32,Monmouth,Middletown Twsp,3,0,3,0,0,3,3,0,0,0
13,33,Monmouth,Millstone Twsp,1,0,1,0,0,1,1,0,0,0
13,35,Monmouth,Neptune Twsp,3,0,1,0,1,3,1,0,1,1
13,37,Monmouth,Ocean Twsp,2,0,1,0,0,2,1,0,1,0
13,41,Monmouth,Rumson Boro,1,1,0,0,0,1,0,0,0,1
13,49,Monmouth,Tinton Falls Boro,1,0,0,1,0,1,0,1,0,0
13,51,Monmouth,Upper Freehold Twsp,0,0,0,0,0,0,0,0,0,0
13,52,Monmouth,Wall Twsp,7,0,4,0,0,5,4,0,1,0
14,4,Morris,Chatham Boro,1,0,0,0,1,1,0,0,1,0
14,7,Morris,Chester Twsp,0,0,0,0,0,1,1,0,0,0
14,8,Morris,Denville Twsp,0,0,0,0,0,1,0,0,1,0
14,9,Morris,Dover Town,1,0,0,0,1,1,0,0,1,0
14,13,Morris,Harding Twsp,0,0,0,0,0,0,0,0,0,0
14,14,Morris,Jefferson Twsp,2,0,1,0,0,2,1,1,0,0
14,16,Morris,Lincoln Park Bo,1,0,1,0,0,1,1,0,0,0
14,21,Morris,Montville Twsp,0,0,0,0,0,0,0,0,0,0
14,24,Morris,Morristown Town,3,0,1,0,1,2,1,0,1,0
14,27,Morris,Mount Olive Twsp,3,0,3,0,0,3,3,0,0,0
14,29,Morris,Parsippany-Troy Hil,1,0,0,0,1,1,0,0,1,0
14,32,Morris,Randolph Twsp,0,0,0,0,0,0,0,0,0,0
14,34,Morris,Rockaway Boro,0,0,0,0,0,0,0,0,0,0
14,35,Morris,Rockaway Twsp,1,0,1,0,0,1,1,0,0,0
14,36,Morris,Roxbury Twsp,4,0,2,0,1,4,2,0,1,1
14,39,Morris,Wharton Boro,1,0,1,0,0,1,1,0,0,0
15,1,Ocean,Barnegat Twsp,1,0,1,0,0,2,1,0,1,0
15,2,Ocean,Barnegat Light Boro,0,0,0,0,0,0,0,0,0,0
15,6,Ocean,Berkeley Twsp,0,0,0,0,0,1,1,1,0,0
15,7,Ocean,Brick Twsp,5,1,2,0,1,4,2,0,1,1
15,8,Ocean,Toms River,7,0,7,0,1,10,8,1,3,0
15,12,Ocean,Jackson Twsp,9,0,7,1,1,7,6,1,1,0
15,13,Ocean,Lacey Twsp,4,0,2,1,0,4,2,1,1,0
15,14,Ocean,Lakehurst Boro,0,0,0,0,0,0,0,0,0,0
15,15,Ocean,Lakewood Twsp,4,1,2,0,0,5,3,0,1,1
15,17,Ocean,Little Egg Harbor T,2,0,1,0,0,2,1,0,1,0
15,18,Ocean,Long Beach Twsp,1,0,1,0,0,1,1,0,0,0
15,19,Ocean,Manchester Twsp,4,0,4,0,0,4,3,1,0,0
15,24,Ocean,Plumsted Twsp,1,0,0,0,0,1,1,0,0,0
15,26,Ocean,Point Pleasant Beac,0,0,0,0,0,1,1,0,0,0
15,30,Ocean,South Toms River Bo,2,0,1,0,0,1,1,0,0,0
15,31,Ocean,Stafford Twsp,2,0,0,1,0,2,1,1,0,0
15,33,Ocean,Tuckerton Boro,0,0,0,0,0,0,0,0,0,0
16,2,Passaic,Clifton City,4,0,2,0,2,4,2,0,2,0
16,3,Passaic,Haledon Boro,1,0,0,1,0,1,0,1,0,0
16,4,Passaic,Hawthorne Boro,0,0,0,0,0,0,0,0,0,0
16,7,Passaic,Passaic City,2,0,3,0,0,2,2,0,0,0
16,8,Passaic,Paterson City,3,0,0,0,2,4,1,1,2,0
16,11,Passaic,Ringwood Boro,0,0,0,0,0,0,0,0,0,0
16,12,Passaic,Totowa Boro,1,0,1,1,0,1,1,1,0,0
16,13,Passaic,Wanaque Boro,2,0,1,0,1,2,2,0,1,0
16,14,Passaic,Wayne Twsp,1,0,1,0,0,1,1,0,0,0
16,15,Passaic,West Milford Twsp,3,0,2,0,0,3,3,0,0,0
16,16,Passaic,Woodland Park Boro,1,0,0,0,1,1,0,0,1,0
17,1,Salem,Alloway Twsp,0,0,0,0,0,1,1,0,0,0
17,2,Salem,Carneys Point Twsp,0,0,0,1,0,1,1,3,0,0
17,5,Salem,Lower Alloways Cree,1,0,1,0,0,1,1,0,0,0
17,6,Salem,Mannington Twsp,2,0,2,0,0,2,2,0,0,0
17,7,Salem,Oldmans Twsp,2,0,2,0,0,2,2,0,0,0
17,8,Salem,Penns Grove Bor,0,0,0,0,0,1,0,0,1,0
17,9,Salem,Pennsville Twsp,0,0,0,0,0,1,1,0,0,0
17,10,Salem,Pilesgrove Twsp,2,0,2,0,0,2,1,1,0,0
17,11,Salem,Pittsgrove Twsp,0,0,0,0,0,1,1,0,0,0
17,12,Salem,Quinton Twsp,1,0,1,0,0,1,1,0,0,0
17,14,Salem,Upper Pittsgrove Tw,0,0,0,0,0,1,0,1,0,0
18,1,Somerset,Bedminster Twsp,1,0,1,0,0,1,1,0,0,0
18,2,Somerset,Bernards Twsp,1,0,0,0,0,2,1,0,1,0
18,5,Somerset,Branchburg Twsp,0,0,0,0,0,1,1,0,0,0
18,6,Somerset,Bridgewater Twsp,7,0,4,0,1,5,3,1,1,0
18,8,Somerset,Franklin Twsp,5,0,3,0,1,4,3,0,1,0
18,10,Somerset,Hillsborough Twsp,0,0,0,0,0,0,0,0,0,0
18,13,Somerset,Montgomery Twsp,1,0,1,0,0,1,1,0,0,0
18,14,Somerset,North Plainfield Bo,0,0,0,0,0,0,0,0,0,0
18,16,Somerset,Raritan Boro,1,0,1,0,0,1,1,0,0,0
18,21,Somerset,Watchung Boro,1,0,1,0,0,1,1,0,0,0
19,4,Sussex,Byram Twsp,0,0,0,0,0,0,0,0,0,0
19,5,Sussex,Frankford Twsp,0,0,0,0,0,1,1,0,0,0
19,6,Sussex,Franklin Boro,1,0,1,0,0,1,1,0,0,0
19,9,Sussex,Hamburg Boro,0,0,0,0,0,1,1,0,0,0
19,10,Sussex,Hampton Twsp,1,0,1,0,0,1,1,0,0,0
19,11,Sussex,Hardyston Twsp,1,0,0,0,1,2,0,0,2,0
19,14,Sussex,Montague Twsp,3,0,2,0,0,3,3,0,0,0
19,17,Sussex,Sandyston Twsp,0,0,0,0,0,1,1,0,0,0
19,18,Sussex,Sparta Twsp,2,0,1,0,1,2,1,0,1,0
19,24,Sussex,Wantage Twsp,2,0,2,0,0,2,2,0,0,0
20,1,Union,Berkeley Heights Tw,0,0,0,0,0,1,0,0,1,0
20,4,Union,Elizabeth City,14,0,3,0,10,11,3,0,8,0
20,7,Union,Hillside Twsp,3,0,3,0,0,3,2,1,0,0
20,9,Union,Linden City,4,0,2,0,3,4,2,0,2,0
20,10,Union,Mountainside Boro,0,0,0,0,0,1,0,1,0,0
20,12,Union,Plainfield City,5,0,2,2,1,4,2,1,1,0
20,13,Union,Rahway City,1,0,1,0,0,1,1,0,0,0
20,14,Union,Roselle Boro,0,0,0,0,0,1,1,0,0,0
20,16,Union,Scotch Plains Twsp,2,0,1,0,0,2,1,0,1,0
20,17,Union,Springfield Twsp,1,0,1,0,0,1,1,0,0,0
20,19,Union,Union Twsp,8,0,3,1,4,7,3,1,4,0
20,20,Union,Westfield Town,0,0,0,0,0,0,0,0,0,0
21,1,Warren,Allamuchy Twsp,0,0,0,0,0,0,0,0,0,0
21,4,Warren,Blairstown Twsp,0,0,0,0,0,0,0,0,0,0
21,6,Warren,Frelinghuysen Twsp,0,0,0,0,0,1,0,0,1,0
21,8,Warren,Hackettstown Town,0,0,0,0,0,0,0,0,0,0
21,11,Warren,Hope Twsp,1,0,1,0,0,1,1,0,0,0
21,12,Warren,Independence Twsp,1,0,1,0,0,1,1,0,0,0
21,13,Warren,Knowlton Twsp,1,0,1,0,0,1,1,0,0,0
21,16,Warren,Mansfield Twsp,1,0,1,0,0,1,1,0,0,0
21,19,Warren,Phillipsburg To,1,0,0,0,1,1,0,0,1,0
21,22,Warren,Washington Twsp,1,0,1,0,0,1,1,0,0,0
21,23,Warren,White Twsp,0,0,0,0,0,0,0,0,0,0
